,,,Supplier input needed on blue items below,"Hourly Rates (SP, FR, GER, ITA - EUR; UK - GBP; Switzerland - CHF, Canada - CAN$, Brazil - R$; China - CNY)",,,,,,,,,,,,
,,,,Onshore team members,,,,,,,,,USD,USD,USD,USD
Department / Category,Job Title / Rate Card Title,"Seniority Level 
(incl Experience Range reference)",Title Responsibilities / Accountabilities,Spain,France,Germany,Italy,United Kingdom,Brazil,China_L,Canada,Switzerland HQ,India-USD,China-USD,Mexico-USD,Poland-USD
Account Management,Account Coordinator,Level 1 (0-3 years),An entry-level position with minimal prior business experience. Primarily handles scheduling of activities for one or more client accounts.,75.00,100.00,95.00,90.00,75.00,375.00,510.00,95.00,95.00,30.00,42.00,45.00,47.50
Account Management,Account Executive,Level 1 (0-3 years),Responsible for day-to-day coordination of agency activities and client contact generally on one client account.,75.00,100.00,95.00,90.00,75.00,375.00,510.00,95.00,95.00,30.00,42.00,45.00,47.50
Account Management,Assistant Account Executive,Level 1 (0-3 years),"Frequently an entry-level position from college, or with minimal prior business experience. Works under close supervision on such things as budget controls, trafficking, etc., on one or more client accounts.",75.00,100.00,95.00,90.00,75.00,375.00,510.00,95.00,95.00,30.00,42.00,45.00,47.50
Account Management,Social Media Coordinator,Level 1 (0-3 years),Supports Social Media Manager in the day-to-day management of active Social Media campaigns and strategies including helping create and implement social campaigns and monitoring community feedback.,75.00,100.00,95.00,90.00,75.00,375.00,510.00,95.00,95.00,30.00,42.00,45.00,47.50
Analytics,Junior Analyst,Level 1 (0-3 years),"Support analysts in developing analytics and business intelligence process through alignment of performance metrics, analytics structure and reporting with overall business and marketing objectives.",75.00,100.00,95.00,90.00,75.00,375.00,510.00,95.00,95.00,30.00,42.00,45.00,47.50
Creative,Graphic Designer,Level 1 (0-3 years),"Responsible for all aspects of client’s advertising across print, digital, collateral material, logo development and typography.",75.00,100.00,95.00,90.00,75.00,375.00,510.00,95.00,95.00,30.00,42.00,45.00,47.50
Creative,Junior Designer,Level 1 (0-3 years),"Responsible for the visual creation of print, digital and collateral materials. Typically has 2-3 years experience.",75.00,100.00,95.00,90.00,75.00,375.00,510.00,95.00,95.00,30.00,42.00,45.00,47.50
Database,Data Analyst,Level 1 (0-3 years),"Responsible for the overall analytics process and organization that delivers information, insight and recommendations that measure and optimize marketing communications. Develop analytics and business intelligence process through alignment of performance metrics, analytics structure and reporting with overall business and marketing objectives.",75.00,100.00,95.00,90.00,75.00,375.00,510.00,95.00,95.00,30.00,42.00,45.00,47.50
Editorial,Junior Editor,Level 1 (0-3 years),"Responsible for reviewing copy, proofing to detect and correct errors in spelling, punctuation, and syntax. Verify facts, dates, and statistics, using standard reference sources. Reports to editor.",75.00,100.00,95.00,90.00,75.00,375.00,510.00,95.00,95.00,30.00,42.00,45.00,47.50
Market Research,HEOR - Junior Analyst,Level 1 (0-3 years),"Support analysts in developing analytics and business intelligence process through alignment of performance metrics, analytics structure and reporting with overall business and marketing objectives.",75.00,100.00,95.00,90.00,75.00,375.00,510.00,95.00,95.00,30.00,42.00,45.00,47.50
Market Research,I&A - Junior Analyst,Level 1 (0-3 years),"Support analysts in developing analytics and business intelligence process through alignment of performance metrics, analytics structure and reporting with overall business and marketing objectives.",75.00,100.00,95.00,90.00,75.00,375.00,510.00,95.00,95.00,30.00,42.00,45.00,47.50
Medical,Assistant Medical Writer,Level 1 (0-3 years),"Responsible for creating, with supervision, clinical regulatory documents according to company guidelines and governmental regulations and to present clinical data objectively in a clear, concise format.",75.00,100.00,95.00,90.00,75.00,375.00,510.00,95.00,95.00,30.00,42.00,45.00,47.50
Medical,Meeting Planner,Level 1 (0-3 years),"Responsible for coordinating venues, audiovisual and travel for field based breakfast, lunch, and dinner programs for brand supported events. Manages key logistics to ensure meetings are executed within budget and according to client requirements.",75.00,100.00,95.00,90.00,75.00,375.00,510.00,95.00,95.00,30.00,42.00,45.00,47.50
Medical,Publications Manager,Level 1 (0-3 years),Oversees the development of publication and analyses plans for multiple therapeutic areas or indications.,75.00,100.00,95.00,90.00,75.00,375.00,510.00,95.00,95.00,30.00,42.00,45.00,47.50
Medical,Senior Speaker Bureau Coordinator,Level 1 (0-3 years),"Responsible for identifying and contacting medical subject matter experts for upcoming meetings and conferences. Contacts physicians to discuss participation in upcoming events, researches subject matter experts, coordinates speaker's travel arrangement, assists team in all aspects of event management.",75.00,100.00,95.00,90.00,75.00,375.00,510.00,95.00,95.00,30.00,42.00,45.00,47.50
Medical,Speaker Bureau Coordinator,Level 1 (0-3 years),"Responsible for identifying and contacting medical subject matter experts for upcoming meetings and conferences. Contacts physicians to discuss participation in upcoming events, researches subject matter experts, coordinates speaker's travel arrangement, assists team in all aspects of event management.",75.00,100.00,95.00,90.00,75.00,375.00,510.00,95.00,95.00,30.00,42.00,45.00,47.50
Non-Digital Production,Junior Print Producer,Level 1 (0-3 years),Supports print producer to ensure print quality is achieved within the clients budgets and timetables.,75.00,100.00,95.00,90.00,75.00,375.00,510.00,95.00,95.00,30.00,42.00,45.00,47.50
Non-Digital Production,Junior Proofreader,Level 1 (0-3 years),"Supports proofreader duties checking proofs and manuscripts for typographical, grammatical, print and illustration inaccuracies.",75.00,100.00,95.00,90.00,75.00,375.00,510.00,95.00,95.00,30.00,42.00,45.00,47.50
Non-Digital Production,Production Assistant,Level 1 (0-3 years),"Under supervision, handles print production of ad work. Does mechanical buying, studies and visits plants to learn graphics manufacturing processes, and assists production supervisor when necessary.",75.00,100.00,95.00,90.00,75.00,375.00,510.00,95.00,95.00,30.00,42.00,45.00,47.50
Regulatory,"Associate, Regulatory Review",Level 1 (0-3 years),An entry-level position with minimal prior business experience. Primarily handles scheduling of activities for the Regulatory department while gaining familiarity with FDA standards and claims revisions.,75.00,100.00,95.00,90.00,75.00,375.00,510.00,95.00,95.00,30.00,42.00,45.00,47.50
Strategic Planning,Junior Analyst,Level 1 (0-3 years),"Support analysts in developing analytics and business intelligence process through alignment of performance metrics, analytics structure and reporting with overall business and marketing objectives.",75.00,100.00,95.00,90.00,75.00,375.00,510.00,95.00,95.00,30.00,42.00,45.00,47.50
Technology (Digital Production),CRM/Data Analyst,Level 1 (0-3 years),"Responsible for the overall analytics process and organization that delivers information, insight and recommendations that measure and optimize marketing communications. Develop analytics and business intelligence process through alignment of performance metrics, analytics structure and reporting with overall business and marketing objectives.",75.00,100.00,95.00,90.00,75.00,375.00,510.00,95.00,95.00,30.00,42.00,45.00,47.50
Technology (Digital Production),Junior Architect,Level 1 (0-3 years),"Responsible for supporting front-end digital design across various platforms (online, mobile, kiosk, etc.) and development and documenting user experience best practices and interaction patterns.",75.00,100.00,95.00,90.00,75.00,375.00,510.00,95.00,95.00,30.00,42.00,45.00,47.50
Technology (Digital Production),Junior Developer,Level 1 (0-3 years),"Develops coding utilizing HTML, Flash and other programming platforms for web interface/front-end architectures",75.00,100.00,95.00,90.00,75.00,375.00,510.00,95.00,95.00,30.00,42.00,45.00,47.50
Technology (Digital Production),Quality Assurance Analyst,Level 1 (0-3 years),"Responsible for the quality assurance testing and analysis of digital products. Includes analyzing requirements, testing in multiple environments, documenting and reporting on test results.",75.00,100.00,95.00,90.00,75.00,375.00,510.00,95.00,95.00,30.00,42.00,45.00,47.50
Account Management,Social Media Manager,Level 2 (4-7 years),Responsible for managing digital and social media strategies and creating content for clients.,80.00,115.00,120.00,100.00,80.00,420.00,630.00,118.00,120.00,30.00,42.00,45.00,47.50
Analytics,Analyst,Level 2 (4-7 years),"Responsible for the overall analytics process and organization that delivers information, insight and recommendations that measure and optimize marketing communications. Develop analytics and business intelligence process through alignment of performance metrics, analytics structure and reporting with overall business and marketing objectives.",80.00,115.00,120.00,100.00,80.00,420.00,630.00,118.00,120.00,30.00,42.00,45.00,47.50
Creative,Animation Artist,Level 2 (4-7 years),"Creates special effects, animation, or other visual images using film, video, computers, or other electronic tools and media for use in products or creations, such as computer games, movies, music videos, and commercials.",80.00,115.00,120.00,100.00,80.00,420.00,630.00,118.00,120.00,30.00,42.00,45.00,47.50
Creative,Content Strategist,Level 2 (4-7 years),"A Content Strategist constitutes planning, designing, creating, editing, and publishing relevant content based on the company's business objectives and users' needs. The strategist's main job is to",80.00,115.00,120.00,100.00,80.00,420.00,630.00,118.00,120.00,30.00,42.00,45.00,47.50
Creative,Copy Supervisor,Level 2 (4-7 years),"Reports to Creative Director. Supervises and guides the total creative effort of a number of copy and/or art supervisors or creative groups. Integrates art, copy and production functions. An experienced presenter. Has client contact at brand level and above.",80.00,115.00,120.00,100.00,80.00,420.00,630.00,118.00,120.00,30.00,42.00,45.00,47.50
Creative,Designer,Level 2 (4-7 years),"Involved in providing creative direction and developing visual concepts for use in print, digital and collateral work.",80.00,115.00,120.00,100.00,80.00,420.00,630.00,118.00,120.00,30.00,42.00,45.00,47.50
Creative,Junior Art Director,Level 2 (4-7 years),"Responsible for the visual creation of print, TV, digital and collateral material. Typically has 3-4 years experience.",80.00,115.00,120.00,100.00,80.00,420.00,630.00,118.00,120.00,30.00,42.00,45.00,47.50
Creative,Junior Copywriter,Level 2 (4-7 years),"Responsible for the creation of copy, usually under supervision, for print, TV/radio, digital, and collateral material. Typically has 3-4 years experience.",80.00,115.00,120.00,100.00,80.00,420.00,630.00,118.00,120.00,30.00,42.00,45.00,47.50
Creative,Junior Web Designer,Level 2 (4-7 years),"Responsible for design and production of online advertising, brand showcases, HTML emails, mobile promotions, social media promotions and other online media; Creates creative concept, design and visual prototypes (with and without wireframes) applying brand systems, typography, photography, color and other elements to create solutions that meet user and client needs.",80.00,115.00,120.00,100.00,80.00,420.00,630.00,118.00,120.00,30.00,42.00,45.00,47.50
Creative,Senior Graphic Designer,Level 2 (4-7 years),"Responsible for all aspects of client’s advertising across print, digital, collateral material, logo development and typography.",80.00,115.00,120.00,100.00,80.00,420.00,630.00,118.00,120.00,30.00,42.00,45.00,47.50
Creative,SEO Strategist,Level 2 (4-7 years),"Experienced in increasing traffic and conversions to websites by improving website content, on-page and off-page optimization, and capturing higher organic search engine rankings. This person should have an advanced knowledge of all areas of SEO including technical optimization, on-page and content optimization, off-page optimization, conversion rate optimization, international SEO, local SEO, mobile SEO, and how to collaborate across digital marketing channel to maximize SEO results",80.00,115.00,120.00,100.00,80.00,420.00,630.00,118.00,120.00,30.00,42.00,45.00,47.50
Creative,Studio Artist,Level 2 (4-7 years),"Responsible for the preparation and refinement of creative materials including preparing electronic layouts for print, web deliverables, slide presentation media and digital.",80.00,115.00,120.00,100.00,80.00,420.00,630.00,118.00,120.00,30.00,42.00,45.00,47.50
Creative,UX Writer,Level 2 (4-7 years),"Responsible for planning and writing content for all digital products (website, apps, and custom products) that helps users navigate the product. Supervises others and may have direct client contact.",80.00,115.00,120.00,100.00,80.00,420.00,630.00,118.00,120.00,30.00,42.00,45.00,47.50
Database,Digital Programmer,Level 2 (4-7 years),"Programmer experienced in developing applications for web-based, mobile, and/or tablet platforms utilizing multiple development platforms including LAMP, .NET, Ruby, etc. Specific programming expertise include Flash Animation, Flash Flex, RUBY, ActionScript, Adobe Creative Suite, XML XHTML, HTML, CSS, WordPress, PHP, Email Solutions, JavaScript jQuery, and others.",80.00,115.00,120.00,100.00,80.00,420.00,630.00,118.00,120.00,30.00,42.00,45.00,47.50
Database,Senior Data Analyst,Level 2 (4-7 years),"Responsible for the overall analytics process and organization that delivers information, insight and recommendations that measure and optimize marketing communications. Develop analytics and business intelligence process through alignment of performance metrics, analytics structure and reporting with overall business and marketing objectives.",80.00,115.00,120.00,100.00,80.00,420.00,630.00,118.00,120.00,30.00,42.00,45.00,47.50
Database,Technical Programmer,Level 2 (4-7 years),"Responsible for developing, modifying and supporting a variety of software applications, data warehouse, interfaces, and reports including documentation and testing. Also responsible for performing requirements analysis, design, development, and maintenance of all source transactional systems and interfaces.",80.00,115.00,120.00,100.00,80.00,420.00,630.00,118.00,120.00,30.00,42.00,45.00,47.50
Editorial,Editor,Level 2 (4-7 years),"Responsible for reviewing copy, proofing to detect and correct errors in spelling, punctuation, and syntax. Prepare, rewrite and edit copy to improve readability. Verify facts, dates, and statistics, using standard reference sources.",80.00,115.00,120.00,100.00,80.00,420.00,630.00,118.00,120.00,30.00,42.00,45.00,47.50
Market Research,CI - Analyst,Level 2 (4-7 years),"Responsible for the overall analytics process and organization that delivers information, insight and recommendations that measure and optimize marketing communications. Develop analytics and business intelligence process through alignment of performance metrics, analytics structure and reporting with overall business and marketing objectives.",80.00,115.00,120.00,100.00,80.00,420.00,630.00,118.00,120.00,30.00,42.00,45.00,47.50
Market Research,HEOR - Analyst,Level 2 (4-7 years),"Responsible for the overall analytics process and organization that delivers information, insight and recommendations that measure and optimize marketing communications. Develop analytics and business intelligence process through alignment of performance metrics, analytics structure and reporting with overall business and marketing objectives.",80.00,115.00,120.00,100.00,80.00,420.00,630.00,118.00,120.00,30.00,42.00,45.00,47.50
Market Research,I&A - Analyst,Level 2 (4-7 years),"Responsible for the overall analytics process and organization that delivers information, insight and recommendations that measure and optimize marketing communications. Develop analytics and business intelligence process through alignment of performance metrics, analytics structure and reporting with overall business and marketing objectives.",80.00,115.00,120.00,100.00,80.00,420.00,630.00,118.00,120.00,30.00,42.00,45.00,47.50
Medical,Medical Marketing Manager,Level 2 (4-7 years),"Responsible for the maintenance and development of the speaker bureau programs. Will work under the direction of senior members of the team to establish the size and composition of the bureau, facilitate the contracting and training of the speakers, and work with the vendor and salesforce(s) on the execution and tracking of speaker programs.",80.00,115.00,120.00,100.00,80.00,420.00,630.00,118.00,120.00,30.00,42.00,45.00,47.50
Non-Digital Production,Archivist,Level 2 (4-7 years),"Responsible for cataloging images in the collection through the identification and inputting of metadata into databases. Interacts with other departments to meet and provide their visual resource needs. Functions as an administrator of the digital asset management system, monitoring the use and population of the system.",80.00,115.00,120.00,100.00,80.00,420.00,630.00,118.00,120.00,30.00,42.00,45.00,47.50
Non-Digital Production,Assistant Traffic Manager,Level 2 (4-7 years),Assists traffic manager on day-to-day work activity. May fill in for Traffic Coordinator when necessary. May also handle own accounts.,80.00,115.00,120.00,100.00,80.00,420.00,630.00,118.00,120.00,30.00,42.00,45.00,47.50
Non-Digital Production,Junior Art Buyer,Level 2 (4-7 years),"Supports art buyer and may purchase artwork, prints, retouching, etc.",80.00,115.00,120.00,100.00,80.00,420.00,630.00,118.00,120.00,30.00,42.00,45.00,47.50
Non-Digital Production,Junior Broadcast Editor,Level 2 (4-7 years),"Supports broadcast editor in editing television and long format videos, as well as recording scratch audio tracks.",80.00,115.00,120.00,100.00,80.00,420.00,630.00,118.00,120.00,30.00,42.00,45.00,47.50
Non-Digital Production,Proofreader,Level 2 (4-7 years),"Checks proofs and manuscripts for typographical, grammatical, print and illustration inaccuracies.",80.00,115.00,120.00,100.00,80.00,420.00,630.00,118.00,120.00,30.00,42.00,45.00,47.50
Regulatory,"Sr Associate, Regulatory Review",Level 2 (4-7 years),Checks and proofs of all assets/deliverables prior to transfer to ensure they incorporate client med/reg/legal feedback.,80.00,115.00,120.00,100.00,80.00,420.00,630.00,118.00,120.00,30.00,42.00,45.00,47.50
Strategic Planning,Analyst,Level 2 (4-7 years),"Responsible for the overall analytics process and organization that delivers information, insight and recommendations that measure and optimize marketing communications. Develop analytics and business intelligence process through alignment of performance metrics, analytics structure and reporting with overall business and marketing objectives.",80.00,115.00,120.00,100.00,80.00,420.00,630.00,118.00,120.00,30.00,42.00,45.00,47.50
Strategic Planning,Junior Planner,Level 2 (4-7 years),"Responsible for managing sources of information and core methodologies. Accumulate and analyze secondary research data. They draft rough questionnaires, write instructions for field interviews, codes and edits completed questionnaires. They liaise with the Account team formulate clear and coherent plans to implement strategy and work closely with the Account Manager to ensure smooth and relevant translation from strategy to plan. They use all available data to understand consumer behavior, market trends and competitor brand activities.",80.00,115.00,120.00,100.00,80.00,420.00,630.00,118.00,120.00,30.00,42.00,45.00,47.50
Technology (Digital Production),Architect,Level 2 (4-7 years),"Responsible for leading front-end digital design across various platforms (online, mobile, kiosk, etc.) and development and documenting user experience best practices and interaction patterns.",80.00,115.00,120.00,100.00,80.00,420.00,630.00,118.00,120.00,30.00,42.00,45.00,47.50
Technology (Digital Production),Developer,Level 2 (4-7 years),"Develops coding utilizing HTML, Flash and other programming platforms for web interface/front-end architectures",80.00,115.00,120.00,100.00,80.00,420.00,630.00,118.00,120.00,30.00,42.00,45.00,47.50
Technology (Digital Production),Junior Engineer,Level 2 (4-7 years),"Responsible for supporting distributed software modules, managing networking and databases, monitoring and scaling system capacity.",80.00,115.00,120.00,100.00,80.00,420.00,630.00,118.00,120.00,30.00,42.00,45.00,47.50
Technology (Digital Production),Network Administrator,Level 2 (4-7 years),"Responsible for architecture and implementation of shared and cloud based technologies. Responsible for network services maintenance and performance and develops policies, standards and procedures for network related technologies cloud and cloud management technologies. Provide expert technical architectural support and guidance for network/cloud and platform opportunities, including integration, management, and monitoring systems",80.00,115.00,120.00,100.00,80.00,420.00,630.00,118.00,120.00,30.00,42.00,45.00,47.50
Technology (Digital Production),Quality Assurance Manager,Level 2 (4-7 years),"Responsible for managing, testing, version control, and code releases for digital, web, mobile, etc., projects.",80.00,115.00,120.00,100.00,80.00,420.00,630.00,118.00,120.00,30.00,42.00,45.00,47.50
Account Management,Account Manager,Level 2 (4-7 years),"Responsible for developing and coordinating advertising activities generally for one client. Frequent client contact to determine advertising requirements including budgets, product information and agency service level required. Meets internally with creative, media and production specialists to scope work and estimate costs.",100.00,140.00,140.00,120.00,95.00,580.00,775.00,122.00,140.00,30.00,42.00,45.00,47.50
Account Management,Project Manager,Level 2 (4-7 years),"Responsible for developing and coordinating digital advertising activities generally for one client. Frequent client contact to determine requirements including budgets, product information and agency service level required.",100.00,140.00,140.00,120.00,95.00,580.00,775.00,122.00,140.00,30.00,42.00,45.00,47.50
Account Management,Senior Social Media Manager,Level 2 (4-7 years),Responsible for managing digital and social media strategies and creating content for one or more clients.,100.00,140.00,140.00,120.00,95.00,580.00,775.00,122.00,140.00,30.00,42.00,45.00,47.50
Analytics,Senior Analyst,Level 2 (4-7 years),"Responsible for the overall analytics process and organization that delivers information, insight and recommendations that measure and optimize marketing communications. Develop analytics and business intelligence process through alignment of performance metrics, analytics structure and reporting with overall business and marketing objectives.",100.00,140.00,140.00,120.00,95.00,580.00,775.00,122.00,140.00,30.00,42.00,45.00,47.50
Creative,Art Director,Level 2 (4-7 years),"Responsible for the visual creation of print, TV, digital and collateral material; may or may not supervise others or have client contact.",100.00,140.00,140.00,120.00,95.00,580.00,775.00,122.00,140.00,30.00,42.00,45.00,47.50
Creative,Copywriter,Level 2 (4-7 years),"Responsible for the creation of copy, usually under supervision, for print, TV/radio, digital, and collateral material; may or may not supervise others or have client contact.",100.00,140.00,140.00,120.00,95.00,580.00,775.00,122.00,140.00,30.00,42.00,45.00,47.50
Creative,Illustrator,Level 2 (4-7 years),"Produce visual content for Illustrate and animate Flash, HTML5, etc., based visuals for digital media. Typically will utilize established designs and illustration styles defined by the Digital Art Director and Creative Director.",100.00,140.00,140.00,120.00,95.00,580.00,775.00,122.00,140.00,30.00,42.00,45.00,47.50
Creative,Illustrator,Level 2 (4-7 years),DUPLICATE ROLE - NOT APPLICABLE,100.00,140.00,140.00,120.00,95.00,580.00,775.00,122.00,140.00,30.00,42.00,45.00,47.50
Creative,Senior Designer,Level 2 (4-7 years),"An experienced person involved in providing creative direction and developing visual concepts for use in print, digital and collateral work. Some client contact and may supervise others.",100.00,140.00,140.00,120.00,95.00,580.00,775.00,122.00,140.00,30.00,42.00,45.00,47.50
Creative,Studio Manager,Level 2 (4-7 years),"Responsible for ensuring that briefs are effectively and efficiently managed including preparing workflow structure, ensuring work is delivered on deadline, compiling studio schedules and keeping all departments informed about project status,",100.00,140.00,140.00,120.00,95.00,580.00,775.00,122.00,140.00,30.00,42.00,45.00,47.50
Creative,UX Lead,Level 2 (4-7 years),Maintain ownership of the product vision and roadmap and improving the product development process; Lead the team in expanding mastery of the business goals of each design request and pushing back on stakeholders with innovative UX/UI proposals,100.00,140.00,140.00,120.00,95.00,580.00,775.00,122.00,140.00,30.00,42.00,45.00,47.50
Creative,Web Designer,Level 2 (4-7 years),"Responsible for design and production of online advertising, brand showcases, HTML emails, mobile promotions, social media promotions and other online media; Creates creative concept, design and visual prototypes (with and without wireframes) applying brand systems, typography, photography, color and other elements to create solutions that meet user and client needs.",100.00,140.00,140.00,120.00,95.00,580.00,775.00,122.00,140.00,30.00,42.00,45.00,47.50
Database,Database Manager,Level 2 (4-7 years),"Responsible for preparing analysis that provides behavioral insights and data analysis that will inform strategy, creative, account and design teams within the agency and at clients.",100.00,140.00,140.00,120.00,95.00,580.00,775.00,122.00,140.00,30.00,42.00,45.00,47.50
Database,Senior Digital Producer,Level 2 (4-7 years),Accurately assesses project needs to ensure thorough SOW and schedule. Conducts testing on digital projects and troubleshoots as needed.,100.00,140.00,140.00,120.00,95.00,580.00,775.00,122.00,140.00,30.00,42.00,45.00,47.50
Database,Systems Engineer,Level 2 (4-7 years),"Responsible for research, design, develop and implement solutions for fault, performance, capacity, and configuration management for applications. Identify production stability concerns via break point and impact analysis. Design, develop, and implement documentation or tools appropriate to the maintenance of application platforms.",100.00,140.00,140.00,120.00,95.00,580.00,775.00,122.00,140.00,30.00,42.00,45.00,47.50
Editorial,Senior Editor,Level 2 (4-7 years),"Maintains editorial quality control of agency deliverables during all stages of production to maintain consistency, fact check against primary sources, check tables, graphs, dates, numbers for accuracy, conduct research, ensure accuracy of footnotes and footnote sequencing, proofread for typos, grammatical errors, completeness. Reports to Managing Editor.",100.00,140.00,140.00,120.00,95.00,580.00,775.00,122.00,140.00,30.00,42.00,45.00,47.50
Market Research,CI - Senior Analyst,Level 2 (4-7 years),"Responsible for the overall analytics process and organization that delivers information, insight and recommendations that measure and optimize marketing communications. Develop analytics and business intelligence process through alignment of performance metrics, analytics structure and reporting",100.00,140.00,140.00,120.00,95.00,580.00,775.00,122.00,140.00,30.00,42.00,45.00,47.50
Market Research,HEOR - Senior Analyst,Level 2 (4-7 years),"Responsible for the overall analytics process and organization that delivers information, insight and recommendations that measure and optimize marketing communications. Develop analytics and business intelligence process through alignment of performance metrics, analytics structure and reporting with overall business and marketing objectives.",100.00,140.00,140.00,120.00,95.00,580.00,775.00,122.00,140.00,30.00,42.00,45.00,47.50
Market Research,I&A - Senior Analyst,Level 2 (4-7 years),"Responsible for the overall analytics process and organization that delivers information, insight and recommendations that measure and optimize marketing communications. Develop analytics and business intelligence process through alignment of performance metrics, analytics structure and reporting with overall business and marketing objectives.",100.00,140.00,140.00,120.00,95.00,580.00,775.00,122.00,140.00,30.00,42.00,45.00,47.50
Medical,Medical Researcher,Level 2 (4-7 years),"Responsible for analyzing and interpreting bioanalytical data including writing and reviewing bioanalytical method SOPs, reviewing scientific literature in order to guide the development of bioanalytical methods, assisting in competitive intelligence-by-developing and-testing new analytical instruments and coordinating resources used during the development and validation of bioanalytical methods.",100.00,140.00,140.00,120.00,95.00,580.00,775.00,122.00,140.00,30.00,42.00,45.00,47.50
Medical,Medical Writer,Level 2 (4-7 years),"Responsible for producing sales training materials, press releases for industry, fact sheets or Web site materials for government organizations; also may write about research discoveries for medical journals, web sites, newsletters, magazines, newspapers, and any other medium that includes coverage of health and medical issues.",100.00,140.00,140.00,120.00,95.00,580.00,775.00,122.00,140.00,30.00,42.00,45.00,47.50
Non-Digital Production,Art Buyer,Level 2 (4-7 years),"Works closely with Creative Director to procure required art, coordinate pre-production planning and prepares for reproduction of all projects.",100.00,140.00,140.00,120.00,95.00,580.00,775.00,122.00,140.00,30.00,42.00,45.00,47.50
Non-Digital Production,Assistant Business Manager,Level 2 (4-7 years),Assists business manager on day-to-day work activity including budget preparation.,100.00,140.00,140.00,120.00,95.00,580.00,775.00,122.00,140.00,30.00,42.00,45.00,47.50
Non-Digital Production,Assistant Producer,Level 2 (4-7 years),"Assists liaison with other departments and outside vendors as needed, executes on tasks, helps ensure the efficient/timely/cost-effective production of broadcast TV/Radio ads",100.00,140.00,140.00,120.00,95.00,580.00,775.00,122.00,140.00,30.00,42.00,45.00,47.50
Non-Digital Production,Assistant Production Manager,Level 2 (4-7 years),"Supports production manager in pre-production meetings; estimates production costs and purchases necessary ad production materials from outside sources, responsible for quality of reproduction on assigned accounts.",100.00,140.00,140.00,120.00,95.00,580.00,775.00,122.00,140.00,30.00,42.00,45.00,47.50
Non-Digital Production,Traffic Manager,Level 2 (4-7 years),Person Acts as liaison between Account Service and Creative to facilitate workflow.,100.00,140.00,140.00,120.00,95.00,580.00,775.00,122.00,140.00,30.00,42.00,45.00,47.50
Regulatory,"Manager, Regulatory Review",Level 2 (4-7 years),Checks and proofs of all assets/deliverables prior to transfer to ensure they incorporate client med/reg/legal feedback. Likely assigned one client and is the SME for client's specific processes and submission standards and guidelines. May liaise with the client promotional material manager.,100.00,140.00,140.00,120.00,95.00,580.00,775.00,122.00,140.00,30.00,42.00,45.00,47.50
Strategic Planning,Planner,Level 2 (4-7 years),"Responsible for the execution of specific research projects. Analysis and compilation of primary as well as secondary research, meeting client requirements. Have senior level client interaction. Manages all research pertaining to strategy and creative development. Provides insight to clients, regarding consumer preference. Assist in the development of overall advertising strategy.",100.00,140.00,140.00,120.00,95.00,580.00,775.00,122.00,140.00,30.00,42.00,45.00,47.50
Strategic Planning,Senior Analyst,Level 2 (4-7 years),"Responsible for the overall analytics process and organization that delivers information, insight and recommendations that measure and optimize marketing communications. Develop analytics and business intelligence process through alignment of performance metrics, analytics structure and reporting with overall business and marketing objectives.",100.00,140.00,140.00,120.00,95.00,580.00,775.00,122.00,140.00,30.00,42.00,45.00,47.50
Strategic Planning,Strategist,Level 2 (4-7 years),"Responsible for the execution of specific research projects. Analysis and compilation of primary as well as secondary research, meeting client requirements. includes developing digital media strategies across multiple digital marketing channels: Web Design and Usability, SEO/SEM, Display/Rich Media, Social Media, Mobile, Email Marketing, etc.",100.00,140.00,140.00,120.00,95.00,580.00,775.00,122.00,140.00,30.00,42.00,45.00,47.50
Technology (Digital Production),Database Manager,Level 2 (4-7 years),"Responsible for preparing analysis that provides behavioral insights and data analysis that will inform strategy, creative, account and design teams within the agency and at clients.",100.00,140.00,140.00,120.00,95.00,580.00,775.00,122.00,140.00,30.00,42.00,45.00,47.50
Technology (Digital Production),Senior Developer,Level 2 (4-7 years),"Develops coding utilizing HTML, Flash and other programming platforms for web interface/front-end architectures",100.00,140.00,140.00,120.00,95.00,580.00,775.00,122.00,140.00,30.00,42.00,45.00,47.50
Account Management,Account Supervisor,Level 3 (8-12 years),Responsible for directing the daily activities of one or more Account Executives to insure proper agency service on one or more accounts. Maintains senior level client contact.,120.00,175.00,150.00,127.00,110.00,640.00,710.00,145.00,150.00,30.00,42.00,45.00,47.50
Account Management,Project Supervisor,Level 3 (8-12 years),"Ensures that project goals are delivered by analyzing timelines, production process and efficiency. Ensures a constant flow of communication to provide content creators, technical artists, and engineers the information needed to complete project.",120.00,175.00,150.00,127.00,110.00,640.00,710.00,145.00,150.00,30.00,42.00,45.00,47.50
Account Management,Senior Account Manager,Level 3 (8-12 years),Individual performing primary account-handling responsibility usually on more than one account and has mid-level client contact and some senior level client contact.,120.00,175.00,150.00,127.00,110.00,640.00,710.00,145.00,150.00,30.00,42.00,45.00,47.50
Account Management,Senior Project Manager,Level 3 (8-12 years),"Responsible for developing and coordinating advertising digital activities for one or more clients. Frequent client contact to determine requirements including budgets, product information and agency service level required. Maintains mid-level to senior-level client contact",120.00,175.00,150.00,127.00,110.00,640.00,710.00,145.00,150.00,30.00,42.00,45.00,47.50
Account Management,Social Media Supervisor,Level 3 (8-12 years),Responsible for managing digital and social media strategies for clients. Supervises one or more managers.,120.00,175.00,150.00,127.00,110.00,640.00,710.00,145.00,150.00,30.00,42.00,45.00,47.50
Analytics,Analytics Supervisor,Level 3 (8-12 years),Responsible for the full execution of analytics for an account or group of accounts; supervises analysts and assists in the analysis programs. Has client contact.,120.00,175.00,150.00,127.00,110.00,640.00,710.00,145.00,150.00,30.00,42.00,45.00,47.50
Creative,Flash Designer,Level 3 (8-12 years),"Responsible for storyboarding and wireframing, researching media production tools and techniques to suggest improvements, preparing and monitoring project management documentation and maintaining a library of finished materials.",120.00,175.00,150.00,127.00,110.00,640.00,710.00,145.00,150.00,30.00,42.00,45.00,47.50
Creative,Senior Animation Artist,Level 3 (8-12 years),"Creates special effects, animation, or other visual images using film, video, computers, or other electronic tools and media for use in products or creations, such as computer games, movies, music videos, and commercials.",120.00,175.00,150.00,127.00,110.00,640.00,710.00,145.00,150.00,30.00,42.00,45.00,47.50
Creative,Senior Art Director,Level 3 (8-12 years),"An experienced specialist who is responsible for the visual creation of print, TV, digital and collateral material; supervises others and has some client contact. Responsible for developing creative concepts and approaches with the project team, developing original design concepts as well as overseeing project design all the way through execution. Typically presents work to executive level client stakeholders. Senior Art Directors are also responsible for providing art direction and leadership to designers working on their project teams, scoping design phases of projects accurately and efficiently as well as attend pitches and industry events as required.",120.00,175.00,150.00,127.00,110.00,640.00,710.00,145.00,150.00,30.00,42.00,45.00,47.50
Creative,Senior Copywriter,Level 3 (8-12 years),"An experienced specialist who is responsible for the creation of copy, usually under supervision, for print, TV/radio, digital and collateral material; supervises others and has some client contact.",120.00,175.00,150.00,127.00,110.00,640.00,710.00,145.00,150.00,30.00,42.00,45.00,47.50
Creative,Senior Illustrator,Level 3 (8-12 years),"Produce visual content for Illustrate and animate Flash, HTML5, etc., based visuals for digital media. Typically will utilize established designs and illustration styles defined by the Digital Art Director and Creative Director",120.00,175.00,150.00,127.00,110.00,640.00,710.00,145.00,150.00,30.00,42.00,45.00,47.50
Creative,Senior Web Designer,Level 3 (8-12 years),"Responsible for design and production of online advertising, brand showcases, HTML emails, mobile promotions, social media promotions and other online media; Creates creative concept, design and visual prototypes (with and without wireframes) applying brand systems, typography, photography, color and other elements to create solutions that meet user and client needs.",120.00,175.00,150.00,127.00,110.00,640.00,710.00,145.00,150.00,30.00,42.00,45.00,47.50
Database,Digital Technical Director,Level 3 (8-12 years),"Responsible for reviewing and approving proposed development releases and oversee the release process for tools/products. Conduct code reviews, and establish a robust quality assurance process, including integration and system testing, monitor tools usage/performance and resolve any failures. Oversee internal and external project dependencies, risks and critical paths; ensure contingency plan is in place. Ensure technical problems are resolved in a timely and cost-effective manner.",120.00,175.00,150.00,127.00,110.00,640.00,710.00,145.00,150.00,30.00,42.00,45.00,47.50
Medical,Communications Program Director,Level 3 (8-12 years),"Responsible for directing the development and execution of medical communications/education programs including leading internal flow of programs, ensuring that they are completed on time and on budget. Program Director has direct contact with clients and physician faculty and is expected to have the level of scientific understanding required to work with them on the development of scientific content and program curriculum.",120.00,175.00,150.00,127.00,110.00,640.00,710.00,145.00,150.00,30.00,42.00,45.00,47.50
Non-Digital Production,Print Producer,Level 3 (8-12 years),"Responsible for ensuring print quality is achieved within the clients budgets and timetables. Supervise, schedule and purchase all pre-press related materials and printing.",120.00,175.00,150.00,127.00,110.00,640.00,710.00,145.00,150.00,30.00,42.00,45.00,47.50
Non-Digital Production,Producer,Level 3 (8-12 years),"Responsible for day to day production activities and dealing with commercial production studios, editorial companies; knowledgeable in bidding, pre-production, shooting, recording and editing. May have client contact.",120.00,175.00,150.00,127.00,110.00,640.00,710.00,145.00,150.00,30.00,42.00,45.00,47.50
Non-Digital Production,Senior Proofreader,Level 3 (8-12 years),"Checks proofs and manuscripts for typographical, grammatical, print and illustration inaccuracies. Checks executives and department heads on questions of authenticity, correctness, etc.",120.00,175.00,150.00,127.00,110.00,640.00,710.00,145.00,150.00,30.00,42.00,45.00,47.50
Strategic Planning,Senior Planner,Level 3 (8-12 years),Responsible for assessing the effectiveness of communication and advertising campaigns. Responsible for developing and executing research projects to determine consumer attitudes and advertising effectiveness.,120.00,175.00,150.00,127.00,110.00,640.00,710.00,145.00,150.00,30.00,42.00,45.00,47.50
Strategic Planning,Senior Strategist,Level 3 (8-12 years),"Responsible for assessing the effectiveness of communication, advertising, digital campaigns. includes developing digital media strategies across multiple digital marketing channels: Web Design and Usability, SEO/SEM, Display/Rich Media, Social Media, Mobile, Email Marketing, etc. Responsible for developing and executing research projects to determine consumer attitudes and advertising effectiveness. May have senior level client interaction.",120.00,175.00,150.00,127.00,110.00,640.00,710.00,145.00,150.00,30.00,42.00,45.00,47.50
Technology (Digital Production),Engineer,Level 3 (8-12 years),"Responsible for supporting distributed software modules, managing networking and databases, monitoring and scaling system capacity.",120.00,175.00,150.00,127.00,110.00,640.00,710.00,145.00,150.00,30.00,42.00,45.00,47.50
Technology (Digital Production),Senior Architect,Level 3 (8-12 years),"Responsible for leading front-end digital design across various platforms (online, mobile, kiosk, etc.) and development and documenting user experience best practices and interaction patterns.",120.00,175.00,150.00,127.00,110.00,640.00,710.00,145.00,150.00,30.00,42.00,45.00,47.50
Medical,Senior Medical Writer,Level 3 (8-12 years),"Responsible for coordinating, managing, and producing sales training materials, press releases for industry, fact sheets or Web site materials for government organizations; also may write about research discoveries for medical journals, web sites, newsletters, magazines, newspapers, and any other medium that includes coverage of health and medical issues.",120.00,175.00,150.00,127.00,120.00,640.00,710.00,145.00,150.00,30.00,42.00,45.00,47.50
Regulatory,"Sr. Manager, Regulatory Review",Level 3 (8-12 years),Checks and proofs of all assets/deliverables prior to transfer to ensure they incorporate client med/reg/legal feedback. Likely assigned one client and is the SME for client's specific processes and submission standards and guidelines. May liaise with the client promotional material manager.,120.00,175.00,150.00,127.00,120.00,640.00,710.00,145.00,150.00,30.00,42.00,45.00,47.50
Account Management,Management Supervisor,Level 3 (8-12 years),Maintains overall responsibility for agency performance and the health of the agency/client relationship on all accounts for a particular client-focused team.,120.00,175.00,150.00,127.00,130.00,640.00,710.00,145.00,150.00,30.00,42.00,45.00,47.50
Analytics,Analytics Director,Level 3 (8-12 years),"Reports to the Head of Analytics, the Regional Head of analytical services or the Group Director; supervises the daily over-all analytical work and performance of all client analytics activities for the agency.",120.00,175.00,150.00,127.00,130.00,640.00,710.00,145.00,150.00,30.00,42.00,45.00,47.50
Creative,Associate Creative Director,Level 3 (8-12 years),"Reports to Creative Director. Supervises and guides the total creative effort of a number of copy and/or art supervisors or creative groups. Integrates art, copy and production functions. An experienced presenter. Has client contact at brand level and above.",120.00,175.00,150.00,127.00,130.00,640.00,710.00,145.00,150.00,30.00,42.00,45.00,47.50
Market Research,CI - Associate Research Director,Level 3 (8-12 years),Responsible for developing and executing research projects to determine consumer attitudes and advertising effectiveness. Supervise analysts.,120.00,175.00,150.00,127.00,130.00,640.00,710.00,145.00,150.00,30.00,42.00,45.00,47.50
Market Research,HEOR - Associate Research Director,Level 3 (8-12 years),Responsible for developing and executing research projects to determine consumer attitudes and advertising effectiveness. Supervise analysts.,120.00,175.00,150.00,127.00,130.00,640.00,710.00,145.00,150.00,30.00,42.00,45.00,47.50
Market Research,I&A - Associate Research Director,Level 3 (8-12 years),Responsible for developing and executing research projects to determine consumer attitudes and advertising effectiveness. Supervise analysts.,120.00,175.00,150.00,127.00,130.00,640.00,710.00,145.00,150.00,30.00,42.00,45.00,47.50
Medical,"Associate Director, Science and Affairs",Level 3 (8-12 years),"Responsible for providing scientific/technical information, presenting scientific findings to all levels including physicians, research staff and sales and marketing personnel; provides strategic recommendations with respect to planning, development, and delivery of medical communications programs.",120.00,175.00,150.00,127.00,130.00,640.00,710.00,145.00,150.00,30.00,42.00,45.00,47.50
Non-Digital Production,Business Manager,Level 3 (8-12 years),"Responsible for day-to-day management of broadcast operations (cost controls, budget preparation, etc.).",120.00,175.00,150.00,127.00,130.00,640.00,710.00,145.00,150.00,30.00,42.00,45.00,47.50
Non-Digital Production,Production Manager,Level 3 (8-12 years),"Works closely with creative department advising on ad prep costs in pre-production meetings; estimates production costs and purchases necessary ad production materials from outside sources, responsible for quality of reproduction on assigned accounts.",120.00,175.00,150.00,127.00,130.00,640.00,710.00,145.00,150.00,30.00,42.00,45.00,47.50
Non-Digital Production,Senior Traffic Manager,Level 3 (8-12 years),Person Acts as liaison between Account Service and Creative to facilitate workflow.,120.00,175.00,150.00,127.00,130.00,640.00,710.00,145.00,150.00,30.00,42.00,45.00,47.50
Strategic Planning,Associate Planning Director,Level 3 (8-12 years),"Responsible for leading the client and the management of their brand, including leading all strategic development decisions on the clients business.",120.00,175.00,150.00,127.00,130.00,640.00,710.00,145.00,150.00,30.00,42.00,45.00,47.50
Strategic Planning,Associate Research Director,Level 3 (8-12 years),Responsible for developing and executing research projects to determine consumer attitudes and advertising effectiveness. Supervise analysts.,120.00,175.00,150.00,127.00,130.00,640.00,710.00,145.00,150.00,30.00,42.00,45.00,47.50
Account Management,Account Director,Level 3 (8-12 years),Responsible for overall agency service and activities primarily on one account. Supervises one or more Account Managers or Supervisors. Top level client contact.,127.00,190.00,190.00,140.00,145.00,675.00,740.00,160.00,190.00,30.00,42.00,45.00,47.50
Account Management,Director of Project Management,Level 3 (8-12 years),"Supervises the project management team that leads the coordination of advertising/digital activities across all clients. Frequent client contact to determine requirements including budgets, product information and agency service level required. Maintains mid-level to senior-level client contact",127.00,190.00,190.00,140.00,145.00,675.00,740.00,160.00,190.00,30.00,42.00,45.00,47.50
Account Management,Social Media Director,Level 3 (8-12 years),"Responsible for developing digital and social media strategies for clients and leading the implementation, maintenance and enhancement of these programs across all social media platforms.",127.00,190.00,190.00,140.00,145.00,675.00,740.00,160.00,190.00,30.00,42.00,45.00,47.50
Analytics,Analytics Group Director,Level 3 (8-12 years),Reports to the Head or Regional Head of analytical services; supervises the local office analytical work and performance of all client analytics activities on behalf of the agency. Senior level client and channel contact.,127.00,190.00,190.00,140.00,145.00,675.00,740.00,160.00,190.00,30.00,42.00,45.00,47.50
Creative,Creative Director,Level 3 (8-12 years),Reports to Executive Creative Director or Group Creative Director. Responsible for the quality of all creative work produced by the agency office for either all clients or a group of clients. Directs activities of subordinates to maintain standards of creative excellence and insure achievement of goals. Senior level client contact and presentation.,127.00,190.00,190.00,140.00,145.00,675.00,740.00,160.00,190.00,30.00,42.00,45.00,47.50
Non-Digital Production,Broadcast Editor,Level 3 (8-12 years),"Responsible for editing television and long format videos, as well as recording scratch audio tracks.",127.00,190.00,190.00,140.00,145.00,675.00,740.00,160.00,190.00,30.00,42.00,45.00,47.50
Non-Digital Production,Senior Art Buyer,Level 3 (8-12 years),"Works closely with Director of Production to procure required art, coordinate pre-production planning, prepares for reproduction of all projects, and manages the other Art Buyers.",127.00,190.00,190.00,140.00,145.00,675.00,740.00,160.00,190.00,30.00,42.00,45.00,47.50
Non-Digital Production,Senior Business Manager,Level 3 (8-12 years),"Responsible for business management of broadcast operations (cost controls, budget preparation, etc.).",127.00,190.00,190.00,140.00,145.00,675.00,740.00,160.00,190.00,30.00,42.00,45.00,47.50
Non-Digital Production,Senior Print Producer,Level 3 (8-12 years),"Responsible for ensuring the finest print quality is achieved within client budgets and timetables. Supervises, schedules and purchases all pre-press related materials and printing.",127.00,190.00,190.00,140.00,145.00,675.00,740.00,160.00,190.00,30.00,42.00,45.00,47.50
Non-Digital Production,Senior Producer,Level 3 (8-12 years),"Responsible for day-to-day television and radio production activities, dealing with studios, participates in bid submission, pre-production, shooting, recording and editing.",127.00,190.00,190.00,140.00,145.00,675.00,740.00,160.00,190.00,30.00,42.00,45.00,47.50
Non-Digital Production,Senior Production Manager,Level 3 (8-12 years),Coordinates the work of several team and works closely with creative department advising on ad prep costs in pre-production meetings; estimates production costs and purchases necessary ad production materials from outside sources and is responsible for quality of reproduction on assigned accounts.,127.00,190.00,190.00,140.00,145.00,675.00,740.00,160.00,190.00,30.00,42.00,45.00,47.50
Non-Digital Production,Traffic Supervisor,Level 3 (8-12 years),"Assist management in the daily operations within the Traffic Department and with traffic personnel. Assisting management in prioritization of department goals, crisis resolution, and the efficient utilization of available tools to evaluate and process necessary reporting. Ensures all Traffic deadlines are met.",127.00,190.00,190.00,140.00,145.00,675.00,740.00,160.00,190.00,30.00,42.00,45.00,47.50
Regulatory,"Assoc. Director, Regulatory",Level 3 (8-12 years),Experienced and SME on multiple clients and aware of those clients' processes. May be liaison to the client promotion manager.,127.00,190.00,150.00,140.00,145.00,675.00,740.00,160.00,150.00,30.00,42.00,45.00,47.50
Strategic Planning,Planning Director,Level 3 (8-12 years),"Responsible for leading the client and the management of their brand, including leading all strategic development decisions on the clients business.",127.00,190.00,190.00,140.00,145.00,675.00,740.00,160.00,190.00,30.00,42.00,45.00,47.50
Technology (Digital Production),Senior Engineer,Level 3 (8-12 years),"Responsible for managing distributed software modules, managing networking and databases, monitoring and scaling system capacity.",127.00,190.00,190.00,140.00,145.00,675.00,740.00,160.00,190.00,30.00,42.00,45.00,47.50
Account Management,Advertising - Senior Account Director,Level 4 (13-17 years),Responsible for overall agency service and activities on one or more accounts. Supervises one or more Account Supervisors. Top level client contact.,155.00,200.00,210.00,145.00,180.00,790.00,815.00,177.00,210.00,30.00,42.00,45.00,47.50
Database,Database Director,Level 4 (13-17 years),"Leads the team that is responsible for preparing analysis and presenting data that provides behavioral insights and data analysis that will inform strategy, creative, account and design teams within the agency and at clients.",155.00,200.00,210.00,145.00,180.00,790.00,815.00,177.00,210.00,30.00,42.00,45.00,47.50
Market Research,CI - Research Director,Level 4 (13-17 years),"Responsible for the development and management of primary research programs including research studies, surveys, as well as analytics and tools.",155.00,200.00,210.00,145.00,180.00,790.00,815.00,177.00,210.00,30.00,42.00,45.00,47.50
Market Research,HEOR - Research Director,Level 4 (13-17 years),"Responsible for the development and management of primary research programs including research studies, surveys, as well as analytics and tools.",155.00,200.00,210.00,145.00,180.00,790.00,815.00,177.00,210.00,30.00,42.00,45.00,47.50
Market Research,I&A - Research Director,Level 4 (13-17 years),"Responsible for the development and management of primary research programs including research studies, surveys, as well as analytics and tools.",155.00,200.00,210.00,145.00,180.00,790.00,815.00,177.00,210.00,30.00,42.00,45.00,47.50
Medical,Medical Director,Level 4 (13-17 years),"Responsible for providing scientific/technical information, presenting scientific findings to all levels including physicians, research staff and sales and marketing personnel; provides strategic recommendations with respect to planning, development, and delivery of medical communications programs.",155.00,200.00,210.00,145.00,180.00,790.00,815.00,177.00,210.00,30.00,42.00,45.00,47.50
Non-Digital Production,Head of Business Affairs,Level 4 (13-17 years),"Responsible for overall management of broadcast operations (cost controls, budget preparation, etc.).",155.00,200.00,210.00,145.00,180.00,790.00,815.00,177.00,210.00,30.00,42.00,45.00,47.50
Non-Digital Production,Production Supervisor,Level 4 (13-17 years),"Supervises production management team to ensure smooth and consistent work flow for projects including managing and tracking of edits, changes, proofreading, and final approvals prior to marketing assets being distributed and archived.",155.00,200.00,210.00,145.00,180.00,790.00,815.00,177.00,210.00,30.00,42.00,45.00,47.50
Non-Digital Production,Senior Broadcast Editor,Level 4 (13-17 years),"Responsible for editing television and long format videos, as well as recording scratch audio tracks.",155.00,200.00,210.00,145.00,180.00,790.00,815.00,177.00,210.00,30.00,42.00,45.00,47.50
Strategic Planning,Group Planning Director,Level 4 (13-17 years),Responsible to the Head of Planning and supervises the work and performance of one or more senior planners. Assists in overall management of the department.,155.00,200.00,210.00,145.00,180.00,790.00,815.00,177.00,210.00,30.00,42.00,45.00,47.50
Strategic Planning,Research Director,Level 4 (13-17 years),"Responsible for the development and management of primary research programs including research studies, surveys, as well as analytics and tools.",155.00,200.00,210.00,145.00,180.00,790.00,815.00,177.00,210.00,30.00,42.00,45.00,47.50
Technology (Digital Production),Database Director,Level 4 (13-17 years),"Leads the team that is responsible for preparing analysis and presenting data that provides behavioral insights and data analysis that will inform strategy, creative, account and design teams within the agency and at clients.",155.00,200.00,210.00,145.00,180.00,790.00,815.00,177.00,210.00,30.00,42.00,45.00,47.50
Technology (Digital Production),Director of Technology,Level 4 (13-17 years),Most senior person responsible for managing all technology requirements at the agency.,155.00,200.00,210.00,145.00,180.00,790.00,815.00,177.00,210.00,30.00,42.00,45.00,47.50
Account Management,Head of Digital,Level 4 (13-17 years),"The most senior person responsible for all digital activities and for all clients, globally. Selects and appoints specialists to all agency departments. May conceive and execute special marketing services for specific clients. Top level client contact.",165.00,220.00,225.00,175.00,200.00,875.00,1325.00,195.00,225.00,30.00,42.00,45.00,47.50
Analytics,Analytics Regional Director,Level 4 (13-17 years),Reports to the Head of Analytic services; supervises the regional (multi-office) work and performance of all analytics activities for the agency.,165.00,220.00,225.00,175.00,200.00,875.00,1325.00,195.00,225.00,30.00,42.00,45.00,47.50
Creative,Group Creative Director,Level 4 (13-17 years),Reports directly to the Executive Creative Director and is responsible for overseeing and approving all creative output of the agency office. Top level client contact.,165.00,220.00,225.00,175.00,200.00,875.00,1325.00,195.00,225.00,30.00,42.00,45.00,47.50
Editorial,Director Editorial Services,Level 4 (13-17 years),"Responsible for managing a multi-disciplinary team including content producers, writers and community managers that review all written material produced by the agency.",165.00,220.00,225.00,175.00,200.00,875.00,1325.00,195.00,225.00,30.00,42.00,45.00,47.50
Account Management,Group Account Director,Level 4 (13-17 years),"Responsible for overall agency service and activities on one or more groups of accounts. Supervises one or more Account Supervisors. Top level client contact. Probably a senior officer of the agency, reporting to either President or Director of Client Services. May be an Executive V.P.",165.00,220.00,225.00,175.00,220.00,875.00,1325.00,195.00,225.00,30.00,42.00,45.00,47.50
Editorial,Managing Editor,Level 4 (13-17 years),Overall responsibility for editorial quality control of all agency deliverables during all stages of production to maintain consistency and accuracy.,165.00,220.00,225.00,175.00,220.00,875.00,1325.00,195.00,225.00,30.00,42.00,45.00,47.50
Medical,Director of Medical and Scientific Affairs,Level 4 (13-17 years),"Responsible for providing scientific/technical for educational efforts, presenting scientific findings to all levels including Physicians, Research Staff and Sales and Marketing personnel. Presents data at key scientific meetings/conferences regarding company's products and participate as internal consultant to ensure that clinical utility of company's products meets clinical need. Works with Marketing and Research & Development to facilitate the effective transfer of relevant scientific and clinical information required to meet the needs and objectives of each group.",165.00,220.00,225.00,175.00,220.00,875.00,1325.00,195.00,225.00,30.00,42.00,45.00,47.50
Non-Digital Production,Executive Producer,Level 4 (13-17 years),"Oversees all relationships between department and outside vendors, supervises traffic and helps ensure the efficient/timely/cost-effective production of television and radio advertisements.",165.00,220.00,225.00,175.00,220.00,875.00,1325.00,195.00,225.00,30.00,42.00,45.00,47.50
Non-Digital Production,"Group Director, Production",Level 4 (13-17 years),"Responsible for managing department/team in support execution of all presentations, production, ads. Ensures appropriate levels and qualified staff and equipment necessary to complete projects.",165.00,220.00,225.00,175.00,220.00,875.00,1325.00,195.00,225.00,30.00,42.00,45.00,47.50
Non-Digital Production,Head of Traffic,Level 4 (13-17 years),"Supervises traffic department. Responsible for ensuring traffic department efficiently and effectively manages all external coordination, expediting, and scheduling of all print/radio/TV. Provides consistent direction to traffic department and oversee the flow of work on all products and accounts, from concept development to product completion.",165.00,220.00,225.00,175.00,220.00,875.00,1325.00,195.00,225.00,30.00,42.00,45.00,47.50
Regulatory,"Director, Regulatory",Level 4 (13-17 years),"Leads Regulatory department; reports to either Director of Agency Operations or Chief Medical Officer. Ensures the department is aware of FDA standards, creates processes. Liaison to client promotion manager.",165.00,220.00,225.00,175.00,220.00,875.00,1325.00,195.00,225.00,30.00,42.00,45.00,47.50
Strategic Planning,Group Research Director,Level 4 (13-17 years),Responsible to the Head of Research and supervises the work and performance of one or more Associate Research Directors. Assists Director in overall management of the department.,165.00,220.00,225.00,175.00,220.00,875.00,1325.00,195.00,225.00,30.00,42.00,45.00,47.50
Strategic Planning,Head of Strategic Planning,Level 4 (13-17 years),The most senior member of the Account Planning structure. Overall responsibility for all agency planning activities and the operation of the planning & research department(s). Top level client contact.,165.00,220.00,225.00,175.00,220.00,875.00,1325.00,195.00,225.00,30.00,42.00,45.00,47.50
Account Management,Head of Account Management,Level 5 (18-25+ years),"The most senior person in account management, agency-wide. Responsible for all client activity. Selects and appoints specialists to account groups, and may conceive and execute special marketing services for specific clients. Top level client contact.",195.00,250.00,250.00,180.00,275.00,950.00,1824.00,220.00,250.00,30.00,42.00,45.00,47.50
Creative,Executive Creative Director,Level 5 (18-25+ years),Overall corporate responsibility and accountability for the management of the total creative function of the agency office. Participates in setting agency goals and policy-making decisions. Establishes the “creative tone” and pace of the agency. Top level client contact. Typically a Vice President or above.,195.00,250.00,240.00,180.00,275.00,950.00,1824.00,220.00,240.00,30.00,42.00,45.00,47.50
Creative,Global Chief Creative Officer,Level 5 (18-25+ years),Overall corporate responsibility and accountability for the management of the total creative function of the global agency. Participates in setting agency goals and policy-making decisions. Establishes the “creative tone” and pace of the global agency. Top level client contact. Typically an Executive Vice President or above,195.00,250.00,250.00,180.00,275.00,950.00,1824.00,220.00,250.00,30.00,42.00,45.00,47.50
Non-Digital Production,Head of Print Production,Level 5 (18-25+ years),"Senior person responsible for all aspects of agency's print production services. Knowledgeable in all aspects of graphic arts technology. Supervises print services staff, production supervisors, traffic supervisors, type director, etc.",195.00,250.00,250.00,180.00,275.00,950.00,1824.00,220.00,250.00,30.00,42.00,45.00,47.50
Strategic Planning,Head of Strategic Planning/Research,Level 5 (18-25+ years),The most senior member of the Account Planning structure. Overall responsibility for all agency planning activities and the operation of the planning & research department(s). Participates in setting agency goals and policy making decisions. Top level client contact.,195.00,250.00,250.00,180.00,275.00,950.00,1824.00,220.00,250.00,30.00,42.00,45.00,47.50
Account Management,Global Account Head,Level 5 (18-25+ years),"The most senior person in account management agency-wide, globally. Responsible for all client activity. Selects and appoints specialists to account groups, and may conceive and execute special marketing services for specific clients. Top level client contact.",250.00,315.00,300.00,225.00,300.00,1500.00,3100.00,300.00,300.00,30.00,42.00,45.00,47.50
Analytics,Head of Analytics,Level 5 (18-25+ years),The most senior member of the data analytics group. Overall responsibility for leading agency data analytics activities. Top level client contact.,230.00,315.00,300.00,225.00,300.00,1100.00,2825.00,295.00,300.00,30.00,42.00,45.00,47.50
Non-Digital Production,Head of Broadcast Production,Level 5 (18-25+ years),"Senior person responsible for supervision and administration of broadcast (commercial) production department and support sections including casting, audio-visual services, film library, traffic, business affairs, etc. Maintains top level contact with agency creative and account management people; also with client production liaisons.",250.00,315.00,300.00,200.00,300.00,1500.00,3100.00,300.00,300.00,30.00,42.00,45.00,47.50